INSERT INTO `nozama`.`artiste` (`id_artiste`,`name`) VALUES (1,'Rihanna');
INSERT INTO `nozama`.`artiste` (`id_artiste`,`name`) VALUES (2,'Yall');
INSERT INTO `nozama`.`artiste` (`id_artiste`,`name`) VALUES (3,'Adele');
INSERT INTO `nozama`.`artiste` (`id_artiste`,`name`) VALUES (4,'Kendrick-Lamar');
INSERT INTO `nozama`.`artiste` (`id_artiste`,`name`) VALUES (5,'Nirvana');
INSERT INTO `nozama`.`artiste` (`id_artiste`,`name`) VALUES (6,'Led-Zeppelin');
INSERT INTO `nozama`.`artiste` (`id_artiste`,`name`) VALUES (7,'The-Beatles');
INSERT INTO `nozama`.`artiste` (`id_artiste`,`name`) VALUES (8,'Michael_Jackson');
INSERT INTO `nozama`.`artiste` (`id_artiste`,`name`) VALUES (9,'Pink-Floyd');
INSERT INTO `nozama`.`artiste` (`id_artiste`,`name`) VALUES (10,'AC/DC');
INSERT INTO `nozama`.`artiste` (`id_artiste`,`name`) VALUES (11,'Parov-Stelar');
INSERT INTO `nozama`.`artiste` (`id_artiste`,`name`) VALUES (12,'Bob Marley');
INSERT INTO `nozama`.`artiste` (`id_artiste`,`name`) VALUES (13,'O-Zone');
INSERT INTO `nozama`.`artiste` (`id_artiste`,`name`) VALUES (14,'Las Ketchup');
INSERT INTO `nozama`.`artiste` (`id_artiste`,`name`) VALUES (15,'Eminem');
INSERT INTO `nozama`.`artiste` (`id_artiste`,`name`) VALUES (16,'Britney Spears');

INSERT INTO `nozama`.`product` (`id_product`, `date_released`,`name_tag_date_released`,`name`,`description`,`url_picture`) VALUES (1,'2016-01-27','work-2016','Work','Le nouveau clip de Rihanna a été dévoilé ce lundi 22 février. Pour sa troisième collaboration avec le rappeur Drake, la chanteuse, a choisi de mettre l\'accent sur une musique inspirée de la dance-hall jamaïcaine. Dans une ambiance chaude, la princesse du R\'n\'B, qui a fêté ses 28 ans le 20 février, s\'illustre comme à son habitude par des pas de danse sexy et maîtrisés. Rihanna reste ainsi fidèle à ses origines caribéennes puisque l\'atmosphère du clip est directement venue des soirées barbadienne et le \"twerk\" y trouve largement sa place. Vêtue d\'une robe au couleur rouge, jaune et vert, l\'artiste surprend encore avec sa provocation réfléchie et accepté par des fans toujours plus nombreux.','Work.jpg');
INSERT INTO `nozama`.`product` (`id_product`, `date_released`,`name_tag_date_released`,`name`,`description`,`url_picture`) VALUES (2,'2015-10-20','hundred-miles-2015','Hundred Miles',NULL,'HundredMiles.jpg');
INSERT INTO `nozama`.`product` (`id_product`, `date_released`,`name_tag_date_released`,`name`,`description`,`url_picture`) VALUES (3,'2016-01-27','les-nouvelles-aventures-d-Aladin-2016','Les nouvelles aventures d\'Aladin','Une nouvelle histoire d\'Aladin à la conquête du coeur de sa belle demoiselle !','aladin.jpg');
INSERT INTO `nozama`.`product` (`id_product`, `date_released`,`name_tag_date_released`,`name`,`description`,`url_picture`) VALUES (4,'2007-06-20','steak-2007','Steak','Mr Oizo livre un OVNI déjanté avec Eric et Ramzy méconnaissables.','steak.jpg');
INSERT INTO `nozama`.`product` (`id_product`, `date_released`,`name_tag_date_released`,`name`,`description`,`url_picture`) VALUES (5,'2015-11-20','25-2007','25','Après le succès planétaire de son deuxième album, Adele décide de mettre de côté sa carrière de chanteuse pour profiter de sa vie familiale notamment marquée par la naissance de son premier enfant né le 19 octobre 2012. Presque 5 ans après la sortie de son deuxième album, Adele annonce officiellement la sortie de son troisième opus qui sera disponible dès le 20 novembre 2015.<br/>Quelques heures après la mise en place des précommandes, l\'album s\'est vu attribuer la première place sur Itunes. Le titre de l\'album choisi par la chanteuse, comme ses deux premiers, fait référence à l\'âge de la chanteuse lors de sa conception.<br/>C\'est à l\'aide d\'autres artistes tels que Sia qu\'Adele a écrit cet album. Les deux chanteuses ont d\'ailleurs collaboré et ont écrit ensemble plusieurs chansons dont l\'une d\'entre elle devait figurer dans 25, il s\'agit de la chanson Alive qui figurera finalement dans l\'album This is Acting de Sia. Max Martin signe le second titre de l\'album.<br/>Adele sort le 23 octobre le premier single de l\'album Hello qui bat un record dès sa sortie puisque la clip vidéo est le clip Vevo le plus vu en 24 heures sur YouTube avec plus de 27 millions de vues.<br/>La sortie de cet album était appréhendé par la chanteuse qui disait avoir peur d\'avoir été oubliée par ses fans.<br/>25 est, d\'après Adele, un « album de réconciliation », contrairement à l\'album 21 qui était un album de rupture amoureuse. Cependant un contraste lumière/obscurité reste tout de même bien présent dans cet album d\'après la chanteuse qui se dit aimer être une « drama queen ».<br/>Aux Etats-Unis il enregistre le meilleur démarrage de tous les temps avec plus de 3 millions de copies écoulées en une semaine . Pareil en Angleterre , ou il se vend à plus de 800,307 copies en une semaine , puis plus d\'un million .<br/>','25.jpg');

INSERT INTO `nozama`.`product` (`id_product`,`date_released`,`name_tag_date_released`,`name`,`description`,`url_picture`) VALUES (6,'2015-11-20','hello-2007','Hello',null,'25.jpg');
INSERT INTO `nozama`.`product` (`id_product`,`date_released`,`name_tag_date_released`,`name`,`description`,`url_picture`) VALUES (7,'2015-11-20','send-my-love-2007','Send My Love (To Your New Lover)',null,'25.jpg');
INSERT INTO `nozama`.`product` (`id_product`,`date_released`,`name_tag_date_released`,`name`,`description`,`url_picture`) VALUES (8,'2015-11-20','i-miss-you-2007','I Miss You',null,'25.jpg');
INSERT INTO `nozama`.`product` (`id_product`,`date_released`,`name_tag_date_released`,`name`,`description`,`url_picture`) VALUES (9,'2015-11-20','when-we-were-young-2007','When We Were Young',null,'25.jpg');
INSERT INTO `nozama`.`product` (`id_product`,`date_released`,`name_tag_date_released`,`name`,`description`,`url_picture`) VALUES (10,'2015-11-20','remedy-2007','Remedy',null,'25.jpg');
INSERT INTO `nozama`.`product` (`id_product`,`date_released`,`name_tag_date_released`,`name`,`description`,`url_picture`) VALUES (11,'2015-11-20','water-under-the-bridge-2007','Water Under the Bridge',null,'25.jpg');
INSERT INTO `nozama`.`product` (`id_product`,`date_released`,`name_tag_date_released`,`name`,`description`,`url_picture`) VALUES (12,'2015-11-20','river-lea-2007','River Lea',null,'25.jpg');
INSERT INTO `nozama`.`product` (`id_product`,`date_released`,`name_tag_date_released`,`name`,`description`,`url_picture`) VALUES (13,'2015-11-20','love-in-the-dark-2007','Love in the Dark',null,'25.jpg');
INSERT INTO `nozama`.`product` (`id_product`,`date_released`,`name_tag_date_released`,`name`,`description`,`url_picture`) VALUES (14,'2015-11-20','million-years-ago-2007','Million Years Ago',null,'25.jpg');
INSERT INTO `nozama`.`product` (`id_product`,`date_released`,`name_tag_date_released`,`name`,`description`,`url_picture`) VALUES (15,'2015-11-20','all-i-ask-2007','All I Ask',null,'25.jpg');
INSERT INTO `nozama`.`product` (`id_product`,`date_released`,`name_tag_date_released`,`name`,`description`,`url_picture`) VALUES (16,'2015-11-20','sweetest-devotio-2007','Sweetest Devotion',null,'25.jpg');
INSERT INTO `nozama`.`product` (`id_product`,`name`,`name_tag_date_released`,`description`,`url_picture`,`date_released`) VALUES (17,'Forrest Gump','forest-gump-1994','Quelques décennies d\'histoire américaine, des années 1940 à la fin du XXème siècle, à travers le regard et l\'étrange odyssée d\'un homme simple et pur, Forrest Gump.','forrest-gump.jpg','1994-09-04');
INSERT INTO `nozama`.`product` (`id_product`,`name`,`name_tag_date_released`,`description`,`url_picture`,`date_released`) VALUES (18,'La Ligne Verte','la-ligne-verte-2000','Paul Edgecomb, Gardien-chef du pénitencier de Cold Mountain en 1935, était chargé de veiller au bon déroulement des exécutions capitales. Parmi les prisonniers se trouvait un colosse du nom de John Coffey...','La-Ligne-Verte.jpg','2000-03-01');
INSERT INTO `nozama`.`product` (`id_product`,`name`,`name_tag_date_released`,`description`,`url_picture`,`date_released`) VALUES (19,'Django Unchained','django-unchained-2013','Le parcours d\'un chasseur de prime allemand et d\'un homme noir pour retrouver la femme de ce dernier retenue en esclavage par le propriétaire d\'une plantation...','Django-Unchained.jpg','2013-01-16');
INSERT INTO `nozama`.`product` (`id_product`,`name`,`name_tag_date_released`,`description`,`url_picture`,`date_released`) VALUES (20,'Gran Torino','gran-torino-2009','Walt Kowalski est un ancien de la guerre de Corée, un homme inflexible, amer et pétri de préjugés surannés. Hormis sa chienne Daisy, il ne fait confiance qu\'à son M-1, toujours propre, toujours prêt à l\'usage...','Gran-Torino.jpg','2009-02-25');
INSERT INTO `nozama`.`product` (`id_product`,`name`,`name_tag_date_released`,`description`,`url_picture`,`date_released`) VALUES (21,'La Liste de Schindler','la-liste-de-schindler-1994','Evocation des années de guerre d\'Oskar Schindler, industriel autrichien rentré à Cracovie en 1939 avec les troupes allemandes. Il va, tout au long de la guerre, protéger des juifs en les faisant travailler dans sa fabrique.','La-Liste-de-Schindler.jpg','1994-03-02');
INSERT INTO `nozama`.`product` (`id_product`,`name`,`name_tag_date_released`,`description`,`url_picture`,`date_released`) VALUES (22,'The Dark Knight, Le Chevalier Noir','the-dark-knight-le-chevalier-noir-2008','Batman entreprend de démanteler les dernières organisations criminelles de Gotham. Mais il se heurte bientôt à un nouveau génie du crime qui répand la terreur et le chaos dans la ville : le Joker...','The-Dark-Knight-Le-Chevalier-Noir.jpg','2008-08-13');
INSERT INTO `nozama`.`product` (`id_product`,`name`,`name_tag_date_released`,`description`,`url_picture`,`date_released`) VALUES (23,'Le Parrain','le-parrain-1972','En 1945, à New York, les Corleone sont une des cinq familles de la mafia. Don Vito Corleone marie sa fille à un bookmaker. Sollozzo, \"parrain\" de la famille Tattaglia, propose à Don Vito une association dans le trafic de drogue...','Le-Parrain.jpg','1972-03-25');
INSERT INTO `nozama`.`product` (`id_product`,`name`,`name_tag_date_released`,`description`,`url_picture`,`date_released`) VALUES (24,'Pulp Fiction','pulp-fiction-1994','L\'odyssée sanglante et burlesque de petits malfrats dans la jungle de Hollywood à travers trois histoires qui s\'entremêlent.','pulp_fiction.jpg','1994-10-26');
INSERT INTO `nozama`.`product` (`id_product`,`name`,`name_tag_date_released`,`description`,`url_picture`,`date_released`) VALUES (25,'Fight Club','fight-club-1999','Le narrateur, vit seul, travaille seul, dort seul, comme beaucoup d\'autres personnes seules qui connaissent la misère morale et sexuelle. C\'est pourquoi il va devenir membre du Fight club, un lieu clandestin dirigé par Tyler Durden, anarchiste entre gourou et philosophe.','Fight-Club.jpg','1999-11-10');
INSERT INTO `nozama`.`product` (`id_product`,`name`,`name_tag_date_released`,`description`,`url_picture`,`date_released`) VALUES (26,'Mommy','mommy-2014','Une veuve mono-parentale hérite de la garde de son fils, un adolescent profondément turbulent. Ensemble, ils tentent de joindre les deux bouts, notamment grâce à l’aide inattendue de la mystérieuse voisine d’en face, Kyla.','mommy.jpg','2014-10-08');
INSERT INTO `nozama`.`product` (`id_product`,`name`,`name_tag_date_released`,`description`,`url_picture`,`date_released`) VALUES (27,'Intouchables','intouchables-2011','La rencontre improbable, touchante et drôle entre un riche aristocrate, tétraplégique depuis un accident de parapente, et un jeune de banlieue engagé par hasard pour être son aide à domicile...','intouchable.jpg','2011-11-02');
INSERT INTO `nozama`.`product` (`id_product`,`name`,`name_tag_date_released`,`description`,`url_picture`,`date_released`) VALUES (28,'Le Roi Lion','le-roi-lion-1994','Le long combat de Simba le lionceau pour accéder à son rang de roi des animaux, après que le fourbe Scar, son oncle, ait tué son père et pris sa place.','le-roi-lion.jpg','1994-11-23');
INSERT INTO `nozama`.`product` (`id_product`,`name`,`name_tag_date_released`,`description`,`url_picture`,`date_released`) VALUES (29,'Interstellar','interstellar-2014','Le film raconte les aventures d’un groupe d’explorateurs qui utilisent une faille récemment découverte dans l’espace-temps afin de repousser les limites humaines et partir à la conquête des distances astronomiques dans un voyage interstellaire.','Interstellar.jpg','2014-11-05');
INSERT INTO `nozama`.`product` (`id_product`,`name`,`name_tag_date_released`,`description`,`url_picture`,`date_released`) VALUES (30,'To Pimp a Butterfly','to-pimp-a-butterfly-2015','Les meilleurs albums des années 2010. Les meilleurs albums de rap US. Les meilleurs albums de rap. Les meilleurs albums californiens','kendrick-lamar-butterflu.jpg','2015-05-17');
INSERT INTO `nozama`.`product` (`id_product`,`name`,`name_tag_date_released`,`description`,`url_picture`,`date_released`) VALUES (31,'Nevermind','nevermind-1991','Album de Nirvana','nirvana-nevermind.jpg','1991-01-01');
INSERT INTO `nozama`.`product` (`id_product`,`name`,`name_tag_date_released`,`description`,`url_picture`,`date_released`) VALUES (32,'[Led Zeppelin IV]','led-zeppelin-vi-1971','Album de Led Zeppelin','led_zeppelin_led_zeppelin_iv.jpg','1991-01-01');
INSERT INTO `nozama`.`product` (`id_product`,`name`,`name_tag_date_released`,`description`,`url_picture`,`date_released`) VALUES (33,'Sgt. Pepper’s Lonely Hearts Club Band','peppers-lonely-hearts-club-band-1967','Album de The Beatles','beatles.jpg','1967-01-01');
INSERT INTO `nozama`.`product` (`id_product`,`name`,`name_tag_date_released`,`description`,`url_picture`,`date_released`) VALUES (34,'Thriller','thriller-1982','Album de Michael Jackson','Michael_Jackson-Thriller.jpg','1982-01-01');
INSERT INTO `nozama`.`product` (`id_product`,`name`,`name_tag_date_released`,`description`,`url_picture`,`date_released`) VALUES (35,'Dark Side of the Moon','dark-side-of-the-moon-1973','Album de Pink Floyd','Dark_Side_of_the_Moon.png','1973-01-01');
INSERT INTO `nozama`.`product` (`id_product`,`name`,`name_tag_date_released`,`description`,`url_picture`,`date_released`) VALUES (36,'Back in Black','back-in-black-1980','Album de AC/DC','maxresdefault.jpg','1980-01-01');
INSERT INTO `nozama`.`product` (`id_product`,`name`,`name_tag_date_released`,`description`,`url_picture`,`date_released`) VALUES (37,'The Princess','the-princess-2012','Album de Parov Stelar','princess.jpg','2012-04-20');
INSERT INTO `nozama`.`product` (`id_product`,`name`,`name_tag_date_released`,`description`,`url_picture`,`date_released`) VALUES (38,'Legend','legend-1984','Album de Bob Marley','bob-marley-legend.jpg','1984-05-08');
INSERT INTO `nozama`.`product` (`id_product`,`name`,`name_tag_date_released`,`description`,`url_picture`,`date_released`) VALUES (39,'Dragostea din tei','dragostea-din-tei-2004','Single de O-Zone','41WTZWTQQ2L.jpg','2004-01-01');
INSERT INTO `nozama`.`product` (`id_product`,`name`,`name_tag_date_released`,`description`,`url_picture`,`date_released`) VALUES (40,'Aserejé','asereje-2002','Single de Las Ketchup','The_Ketchup_Song_Asereje_Single.jpg','2002-01-01');
INSERT INTO `nozama`.`product` (`id_product`,`name`,`name_tag_date_released`,`description`,`url_picture`,`date_released`) VALUES (41,'Stan','Stan-2000','Single de Eminem featuring Dido','Eminem.jpg','2000-01-01');
INSERT INTO `nozama`.`product` (`id_product`,`name`,`name_tag_date_released`,`description`,`url_picture`,`date_released`) VALUES (42,'Oops!... I Did It Again','oops-i-did-it-again-2000','Single de Britney Spears','Oops.jpg','2000-01-01');





INSERT INTO `nozama`.`movie` (`id_movie`,`id_product`,`type`) VALUES (1,3,'Comedie');
INSERT INTO `nozama`.`movie` (`id_movie`,`id_product`,`type`) VALUES (2,4,'Comedie');
INSERT INTO `nozama`.`movie` (`id_movie`,`id_product`,`type`) VALUES (3,18,'Drame');
INSERT INTO `nozama`.`movie` (`id_movie`,`id_product`,`type`) VALUES (4,28,'Animation');
INSERT INTO `nozama`.`movie` (`id_movie`,`id_product`,`type`) VALUES (5,17,'Comédie');
INSERT INTO `nozama`.`movie` (`id_movie`,`id_product`,`type`) VALUES (6,17,'Drame');
INSERT INTO `nozama`.`movie` (`id_movie`,`id_product`,`type`) VALUES (7,17,'Comédie dramatique');
INSERT INTO `nozama`.`movie` (`id_movie`,`id_product`,`type`) VALUES (8,18,'Aventure');
INSERT INTO `nozama`.`movie` (`id_movie`,`id_product`,`type`) VALUES (9,18,'Western');
INSERT INTO `nozama`.`movie` (`id_movie`,`id_product`,`type`) VALUES (10,18,'Drame');
INSERT INTO `nozama`.`movie` (`id_movie`,`id_product`,`type`) VALUES (11,19,'Aventure');
INSERT INTO `nozama`.`movie` (`id_movie`,`id_product`,`type`) VALUES (12,19,'Drame');
INSERT INTO `nozama`.`movie` (`id_movie`,`id_product`,`type`) VALUES (13,20,'Drame');
INSERT INTO `nozama`.`movie` (`id_movie`,`id_product`,`type`) VALUES (14,21,'Drame');
INSERT INTO `nozama`.`movie` (`id_movie`,`id_product`,`type`) VALUES (15,21,'Guerre');
INSERT INTO `nozama`.`movie` (`id_movie`,`id_product`,`type`) VALUES (16,22,'Action');
INSERT INTO `nozama`.`movie` (`id_movie`,`id_product`,`type`) VALUES (17,22,'Fantastique');
INSERT INTO `nozama`.`movie` (`id_movie`,`id_product`,`type`) VALUES (18,23,'Drame');
INSERT INTO `nozama`.`movie` (`id_movie`,`id_product`,`type`) VALUES (19,23,'Policier');
INSERT INTO `nozama`.`movie` (`id_movie`,`id_product`,`type`) VALUES (20,24,'Comédie');
INSERT INTO `nozama`.`movie` (`id_movie`,`id_product`,`type`) VALUES (21,25,'Comédie');
INSERT INTO `nozama`.`movie` (`id_movie`,`id_product`,`type`) VALUES (22,25,'Action');
INSERT INTO `nozama`.`movie` (`id_movie`,`id_product`,`type`) VALUES (23,26,'Drame');
INSERT INTO `nozama`.`movie` (`id_movie`,`id_product`,`type`) VALUES (24,27,'Drame');
INSERT INTO `nozama`.`movie` (`id_movie`,`id_product`,`type`) VALUES (25,27,'Comédie');
INSERT INTO `nozama`.`movie` (`id_movie`,`id_product`,`type`) VALUES (26,27,'Comédie dramatique');
INSERT INTO `nozama`.`movie` (`id_movie`,`id_product`,`type`) VALUES (27,29,'Drame');


INSERT INTO `nozama`.`single` (`id_single`, `label`, `total_time`, `id_product`,`type`, `id_artiste`) VALUES ('3','Xl Recordings','00:04:55', '6','PopRockInde', '3');
INSERT INTO `nozama`.`single` (`id_single`, `label`, `total_time`,`id_product`,`type`, `id_artiste`) VALUES ('4','Xl Recordings','00:03:43', '7','PopRockInde', '3');
INSERT INTO `nozama`.`single` (`id_single`, `label`, `total_time`,`id_product`,`type`, `id_artiste`) VALUES ('5','Xl Recordings','00:05:48', '8','PopRockInde', '3');
INSERT INTO `nozama`.`single` (`id_single`, `label`, `total_time`,`id_product`,`type`, `id_artiste`) VALUES ('6','Xl Recordings','00:04:50', '9','PopRockInde', '3');
INSERT INTO `nozama`.`single` (`id_single`, `label`, `total_time`,`id_product`,`type`, `id_artiste`) VALUES ('7','Xl Recordings','00:04:05', '10','PopRockInde', '3');
INSERT INTO `nozama`.`single` (`id_single`, `label`, `total_time`,`id_product`,`type`, `id_artiste`) VALUES ('8','Xl Recordings','00:04:00', '11','PopRockInde', '3');
INSERT INTO `nozama`.`single` (`id_single`, `label`, `total_time`,`id_product`,`type`, `id_artiste`) VALUES ('9','Xl Recordings','00:03:45', '12','PopRockInde', '3');
INSERT INTO `nozama`.`single` (`id_single`, `label`, `total_time`,`id_product`,`type`, `id_artiste`) VALUES ('10','Xl Recordings','00:04:45', '13','PopRockInde', '3');
INSERT INTO `nozama`.`single` (`id_single`, `label`, `total_time`,`id_product`,`type`, `id_artiste`) VALUES ('11','Xl Recordings','00:03:47', '14','PopRockInde', '3');
INSERT INTO `nozama`.`single` (`id_single`, `label`, `total_time`,`id_product`,`type`, `id_artiste`) VALUES ('12','Xl Recordings','00:04:31', '15','PopRockInde', '3');
INSERT INTO `nozama`.`single` (`id_single`, `label`, `total_time`,`id_product`,`type`, `id_artiste`) VALUES ('13','Xl Recordings','00:04:11', '16','PopRockInde', '3');
INSERT INTO `nozama`.`single` (`id_single`, `type`,`id_product`,`id_artiste`, `label`, `total_time`) VALUES (3,'Electro',39,13,'Ultra Records','00:04:47');
INSERT INTO `nozama`.`single` (`id_single`, `type`,`id_product`,`id_artiste`, `label`, `total_time`) VALUES (4,'Musique pour enfants',40,14,'Warner Music Group','00:03:31');
INSERT INTO `nozama`.`single` (`id_single`, `type`,`id_product`,`id_artiste`, `label`, `total_time`) VALUES (5,'Rap',41,15,'Shady Records','00:06:02');
INSERT INTO `nozama`.`single` (`id_single`, `type`,`id_product`,`id_artiste`, `label`, `total_time`) VALUES (6,'Musique pour enfants',42,16,'Sony Music Entertainment','00:04:12');

INSERT INTO `nozama`.`single` (`id_single`, `id_product`,`type`, `id_artiste`) VALUES ('1', '1','Electro', '1');
INSERT INTO `nozama`.`single` (`id_single`, `id_product`,`type`, `id_artiste`) VALUES ('2', '2','Electro', '2');

INSERT INTO `nozama`.`album` (`id_album`, `label`, `id_product`, `id_artiste`,`type`) VALUES ('1','Xl Recordings', '1', '1','Electro');
INSERT INTO `nozama`.`album` (`id_album`, `label`, `id_product`, `id_artiste`,`type`) VALUES ('2','Xl Recordings', '2', '2','Electro');
INSERT INTO `nozama`.`album` (`id_album`, `label`, `id_product`, `id_artiste`,`type`) VALUES ('3','Xl Recordings', '5', '3','PopRockInde');
INSERT INTO `nozama`.`album` (`id_album`,`id_product`,`id_artiste`,`type`) VALUES (4,30,4,'Rap');
INSERT INTO `nozama`.`album` (`id_album`,`id_product`,`id_artiste`,`type`) VALUES (5,31,5,'Pop-rock indé');
INSERT INTO `nozama`.`album` (`id_album`,`id_product`,`id_artiste`,`type`) VALUES (6,32,6,'Pop-rock indé');
INSERT INTO `nozama`.`album` (`id_album`,`id_product`,`id_artiste`,`type`) VALUES (7,33,7,'Pop-rock indé');
INSERT INTO `nozama`.`album` (`id_album`,`id_product`,`id_artiste`,`type`) VALUES (8,34,8,'Pop-rock indé');
INSERT INTO `nozama`.`album` (`id_album`,`id_product`,`id_artiste`,`type`) VALUES (9,35,9,'Pop-rock indé');
INSERT INTO `nozama`.`album` (`id_album`,`id_product`,`id_artiste`,`type`) VALUES (10,36,10,'Pop-rock indé');
INSERT INTO `nozama`.`album` (`id_album`,`id_product`,`id_artiste`,`type`) VALUES (11,37,11,'Electro');
INSERT INTO `nozama`.`album` (`id_album`,`id_product`,`id_artiste`,`type`) VALUES (12,38,12,'Reggae');

INSERT INTO `nozama`.`type_support_movie` (`id_type_support`,`name_support`,`price`,`id_movie`) VALUES (1,'DVD',15,1);
INSERT INTO `nozama`.`type_support_movie` (`id_type_support`,`name_support`,`price`,`id_movie`) VALUES (2,'DVD',5,2);

INSERT INTO `nozama`.`type_support_single` (`id_type_support`, `name_support`, `price`, `id_single`) VALUES ('1', 'CD', '1', '1');
INSERT INTO `nozama`.`type_support_single` (`id_type_support`, `name_support`, `price`, `id_single`) VALUES ('2', 'CD', '1', '2');
INSERT INTO `nozama`.`type_support_single` (`id_type_support`, `name_support`, `price`, `id_single`) VALUES ('3', 'Vinyle', '3', '1');
INSERT INTO `nozama`.`type_support_single` (`id_type_support`, `name_support`, `price`, `id_single`) VALUES ('4', 'Vinyle', '3', '2');
-- adele
INSERT INTO `nozama`.`type_support_single` (`id_type_support`, `name_support`, `price`, `id_single`) VALUES ('5', 'Telechargement', '1.29', '3');
INSERT INTO `nozama`.`type_support_single` (`id_type_support`, `name_support`, `price`, `id_single`) VALUES ('6', 'Telechargement', '1.29', '4');
INSERT INTO `nozama`.`type_support_single` (`id_type_support`, `name_support`, `price`, `id_single`) VALUES ('7', 'Telechargement', '1.29', '5');
INSERT INTO `nozama`.`type_support_single` (`id_type_support`, `name_support`, `price`, `id_single`) VALUES ('8', 'Telechargement', '1.29', '6');
INSERT INTO `nozama`.`type_support_single` (`id_type_support`, `name_support`, `price`, `id_single`) VALUES ('9', 'Telechargement', '1.29', '7');
INSERT INTO `nozama`.`type_support_single` (`id_type_support`, `name_support`, `price`, `id_single`) VALUES ('10', 'Telechargement', '1.29', '8');
INSERT INTO `nozama`.`type_support_single` (`id_type_support`, `name_support`, `price`, `id_single`) VALUES ('11', 'Telechargement', '1.29', '9');
INSERT INTO `nozama`.`type_support_single` (`id_type_support`, `name_support`, `price`, `id_single`) VALUES ('12', 'Telechargement', '1.29', '10');
INSERT INTO `nozama`.`type_support_single` (`id_type_support`, `name_support`, `price`, `id_single`) VALUES ('13', 'Telechargement', '1.29', '11');
INSERT INTO `nozama`.`type_support_single` (`id_type_support`, `name_support`, `price`, `id_single`) VALUES ('14', 'Telechargement', '1.29', '12');
INSERT INTO `nozama`.`type_support_single` (`id_type_support`, `name_support`, `price`, `id_single`) VALUES ('15', 'Telechargement', '1.29', '13');

-- [ADELE] Type support album
INSERT INTO `nozama`.`type_support_album` (`id_type_support`, `name_support`, `price`, `id_album`) VALUES ('5', 'Telechargement', '12.80', '3');
INSERT INTO `nozama`.`type_support_album` (`id_type_support`, `name_support`, `price`, `id_album`) VALUES ('6', 'CD', '17.80', '3');

-- [ADELE] Album has single
INSERT INTO `nozama`.`album_has_single` (`id_album_has_single`, `id_single`, `id_album`) VALUES ('1', '3', '3');
INSERT INTO `nozama`.`album_has_single` (`id_album_has_single`, `id_single`, `id_album`) VALUES ('2', '4', '3');
INSERT INTO `nozama`.`album_has_single` (`id_album_has_single`, `id_single`, `id_album`) VALUES ('3', '5', '3');
INSERT INTO `nozama`.`album_has_single` (`id_album_has_single`, `id_single`, `id_album`) VALUES ('4', '6', '3');
INSERT INTO `nozama`.`album_has_single` (`id_album_has_single`, `id_single`, `id_album`) VALUES ('5', '7', '3');
INSERT INTO `nozama`.`album_has_single` (`id_album_has_single`, `id_single`, `id_album`) VALUES ('6', '8', '3');
INSERT INTO `nozama`.`album_has_single` (`id_album_has_single`, `id_single`, `id_album`) VALUES ('7', '9', '3');
INSERT INTO `nozama`.`album_has_single` (`id_album_has_single`, `id_single`, `id_album`) VALUES ('8', '10', '3');
INSERT INTO `nozama`.`album_has_single` (`id_album_has_single`, `id_single`, `id_album`) VALUES ('9', '11', '3');
INSERT INTO `nozama`.`album_has_single` (`id_album_has_single`, `id_single`, `id_album`) VALUES ('10', '12', '3');
INSERT INTO `nozama`.`album_has_single` (`id_album_has_single`, `id_single`, `id_album`) VALUES ('11', '13', '3');