INSERT INTO `nozama`.`artiste` (`id_artiste`,`name`) VALUES (1,'Rihanna');
INSERT INTO `nozama`.`artiste` (`id_artiste`,`name`) VALUES (2,'Yall');
INSERT INTO `nozama`.`artiste` (`id_artiste`,`name`) VALUES (3,'Adele');

INSERT INTO `nozama`.`product` (`id_product`, `date_released`,`name_tag_date_released`,`name`,`description`,`url_picture`) VALUES (1,'2016-01-27','work-2016','Work','Le nouveau clip de Rihanna a été dévoilé ce lundi 22 février. Pour sa troisième collaboration avec le rappeur Drake, la chanteuse, a choisi de mettre l\'accent sur une musique inspirée de la dance-hall jamaïcaine. Dans une ambiance chaude, la princesse du R\'n\'B, qui a fêté ses 28 ans le 20 février, s\'illustre comme à son habitude par des pas de danse sexy et maîtrisés. Rihanna reste ainsi fidèle à ses origines caribéennes puisque l\'atmosphère du clip est directement venue des soirées barbadienne et le \"twerk\" y trouve largement sa place. Vêtue d\'une robe au couleur rouge, jaune et vert, l\'artiste surprend encore avec sa provocation réfléchie et accepté par des fans toujours plus nombreux.','Work.jpg');
INSERT INTO `nozama`.`product` (`id_product`, `date_released`,`name_tag_date_released`,`name`,`description`,`url_picture`) VALUES (2,'2015-10-20','hundred-miles-2015','Hundred Miles',NULL,'HundredMiles.jpg');
INSERT INTO `nozama`.`product` (`id_product`, `date_released`,`name_tag_date_released`,`name`,`description`,`url_picture`) VALUES (3,'2016-01-27','les-nouvelles-aventures-d-Aladin-2016','Les nouvelles aventures d\'Aladin','Une nouvelle histoire d\'Aladin à la conquête du coeur de sa belle demoiselle !','aladin.jpg');
INSERT INTO `nozama`.`product` (`id_product`, `date_released`,`name_tag_date_released`,`name`,`description`,`url_picture`) VALUES (4,'2007-06-20','steak-2007','Steak','Mr Oizo livre un OVNI déjanté avec Eric et Ramzy méconnaissables.','steak.jpg');
INSERT INTO `nozama`.`product` (`id_product`, `date_released`,`name_tag_date_released`,`name`,`description`,`url_picture`) VALUES (5,'2015-11-20','25-2007','25','Après le succès planétaire de son deuxième album, Adele décide de mettre de côté sa carrière de chanteuse pour profiter de sa vie familiale notamment marquée par la naissance de son premier enfant né le 19 octobre 2012. Presque 5 ans après la sortie de son deuxième album, Adele annonce officiellement la sortie de son troisième opus qui sera disponible dès le 20 novembre 2015.<br/>Quelques heures après la mise en place des précommandes, l\'album s\'est vu attribuer la première place sur Itunes. Le titre de l\'album choisi par la chanteuse, comme ses deux premiers, fait référence à l\'âge de la chanteuse lors de sa conception.<br/>C\'est à l\'aide d\'autres artistes tels que Sia qu\'Adele a écrit cet album. Les deux chanteuses ont d\'ailleurs collaboré et ont écrit ensemble plusieurs chansons dont l\'une d\'entre elle devait figurer dans 25, il s\'agit de la chanson Alive qui figurera finalement dans l\'album This is Acting de Sia. Max Martin signe le second titre de l\'album.<br/>Adele sort le 23 octobre le premier single de l\'album Hello qui bat un record dès sa sortie puisque la clip vidéo est le clip Vevo le plus vu en 24 heures sur YouTube avec plus de 27 millions de vues.<br/>La sortie de cet album était appréhendé par la chanteuse qui disait avoir peur d\'avoir été oubliée par ses fans.<br/>25 est, d\'après Adele, un « album de réconciliation », contrairement à l\'album 21 qui était un album de rupture amoureuse. Cependant un contraste lumière/obscurité reste tout de même bien présent dans cet album d\'après la chanteuse qui se dit aimer être une « drama queen ».<br/>Aux Etats-Unis il enregistre le meilleur démarrage de tous les temps avec plus de 3 millions de copies écoulées en une semaine . Pareil en Angleterre , ou il se vend à plus de 800,307 copies en une semaine , puis plus d\'un million .<br/>','25.jpg');

INSERT INTO `nozama`.`product` (`id_product`,`date_released`,`name_tag_date_released`,`name`,`description`,`url_picture`) VALUES (6,'2015-11-20','hello-2007','Hello',null,'25.jpg');
INSERT INTO `nozama`.`product` (`id_product`,`date_released`,`name_tag_date_released`,`name`,`description`,`url_picture`) VALUES (7,'2015-11-20','send-my-love-2007','Send My Love (To Your New Lover)',null,'25.jpg');
INSERT INTO `nozama`.`product` (`id_product`,`date_released`,`name_tag_date_released`,`name`,`description`,`url_picture`) VALUES (8,'2015-11-20','i-miss-you-2007','I Miss You',null,'25.jpg');
INSERT INTO `nozama`.`product` (`id_product`,`date_released`,`name_tag_date_released`,`name`,`description`,`url_picture`) VALUES (9,'2015-11-20','when-we-were-young-2007','When We Were Young',null,'25.jpg');
INSERT INTO `nozama`.`product` (`id_product`,`date_released`,`name_tag_date_released`,`name`,`description`,`url_picture`) VALUES (10,'2015-11-20','remedy-2007','Remedy',null,'25.jpg');
INSERT INTO `nozama`.`product` (`id_product`,`date_released`,`name_tag_date_released`,`name`,`description`,`url_picture`) VALUES (11,'2015-11-20','water-under-the-bridge-2007','Water Under the Bridge',null,'25.jpg');
INSERT INTO `nozama`.`product` (`id_product`,`date_released`,`name_tag_date_released`,`name`,`description`,`url_picture`) VALUES (12,'2015-11-20','river-lea-2007','River Lea',null,'25.jpg');
INSERT INTO `nozama`.`product` (`id_product`,`date_released`,`name_tag_date_released`,`name`,`description`,`url_picture`) VALUES (13,'2015-11-20','love-in-the-dark-2007','Love in the Dark',null,'25.jpg');
INSERT INTO `nozama`.`product` (`id_product`,`date_released`,`name_tag_date_released`,`name`,`description`,`url_picture`) VALUES (14,'2015-11-20','million-years-ago-2007','Million Years Ago',null,'25.jpg');
INSERT INTO `nozama`.`product` (`id_product`,`date_released`,`name_tag_date_released`,`name`,`description`,`url_picture`) VALUES (15,'2015-11-20','all-i-ask-2007','All I Ask',null,'25.jpg');
INSERT INTO `nozama`.`product` (`id_product`,`date_released`,`name_tag_date_released`,`name`,`description`,`url_picture`) VALUES (16,'2015-11-20','sweetest-devotio-2007','Sweetest Devotion',null,'25.jpg');

INSERT INTO `nozama`.`movie` (`id_movie`,`id_product`,`type`) VALUES (1,3,'Comedie');
INSERT INTO `nozama`.`movie` (`id_movie`,`id_product`,`type`) VALUES (2,4,'Comedie');

INSERT INTO `nozama`.`single` (`id_single`, `label`, `total_time`, `id_product`,`type`, `id_artiste`) VALUES ('3','Xl Recordings','00:04:55', '6','PopRockInde', '3');
INSERT INTO `nozama`.`single` (`id_single`, `label`, `total_time`,`id_product`,`type`, `id_artiste`) VALUES ('4','Xl Recordings','00:03:43', '7','PopRockInde', '3');
INSERT INTO `nozama`.`single` (`id_single`, `label`, `total_time`,`id_product`,`type`, `id_artiste`) VALUES ('5','Xl Recordings','00:05:48', '8','PopRockInde', '3');
INSERT INTO `nozama`.`single` (`id_single`, `label`, `total_time`,`id_product`,`type`, `id_artiste`) VALUES ('6','Xl Recordings','00:04:50', '9','PopRockInde', '3');
INSERT INTO `nozama`.`single` (`id_single`, `label`, `total_time`,`id_product`,`type`, `id_artiste`) VALUES ('7','Xl Recordings','00:04:05', '10','PopRockInde', '3');
INSERT INTO `nozama`.`single` (`id_single`, `label`, `total_time`,`id_product`,`type`, `id_artiste`) VALUES ('8','Xl Recordings','00:04:00', '11','PopRockInde', '3');
INSERT INTO `nozama`.`single` (`id_single`, `label`, `total_time`,`id_product`,`type`, `id_artiste`) VALUES ('9','Xl Recordings','00:03:45', '12','PopRockInde', '3');
INSERT INTO `nozama`.`single` (`id_single`, `label`, `total_time`,`id_product`,`type`, `id_artiste`) VALUES ('10','Xl Recordings','00:04:45', '13','PopRockInde', '3');
INSERT INTO `nozama`.`single` (`id_single`, `label`, `total_time`,`id_product`,`type`, `id_artiste`) VALUES ('11','Xl Recordings','00:03:47', '14','PopRockInde', '3');
INSERT INTO `nozama`.`single` (`id_single`, `label`, `total_time`,`id_product`,`type`, `id_artiste`) VALUES ('12','Xl Recordings','00:04:31', '15','PopRockInde', '3');
INSERT INTO `nozama`.`single` (`id_single`, `label`, `total_time`,`id_product`,`type`, `id_artiste`) VALUES ('13','Xl Recordings','00:04:11', '16','PopRockInde', '3');


INSERT INTO `nozama`.`single` (`id_single`, `id_product`,`type`, `id_artiste`) VALUES ('1', '1','Electro', '1');
INSERT INTO `nozama`.`single` (`id_single`, `id_product`,`type`, `id_artiste`) VALUES ('2', '2','Electro', '2');

INSERT INTO `nozama`.`album` (`id_album`, `label`, `id_product`, `id_artiste`,`type`) VALUES ('1','Xl Recordings', '1', '1','Electro');
INSERT INTO `nozama`.`album` (`id_album`, `label`, `id_product`, `id_artiste`,`type`) VALUES ('2','Xl Recordings', '2', '2','Electro');
INSERT INTO `nozama`.`album` (`id_album`, `label`, `id_product`, `id_artiste`,`type`) VALUES ('3','Xl Recordings', '5', '3','PopRockInde');

INSERT INTO `nozama`.`type_support_movie` (`id_type_support`,`name_support`,`price`,`id_movie`) VALUES (1,'DVD',15,1);
INSERT INTO `nozama`.`type_support_movie` (`id_type_support`,`name_support`,`price`,`id_movie`) VALUES (2,'DVD',5,2);

INSERT INTO `nozama`.`type_support_single` (`id_type_support`, `name_support`, `price`, `id_single`) VALUES ('1', 'CD', '1', '1');
INSERT INTO `nozama`.`type_support_single` (`id_type_support`, `name_support`, `price`, `id_single`) VALUES ('2', 'CD', '1', '2');
INSERT INTO `nozama`.`type_support_single` (`id_type_support`, `name_support`, `price`, `id_single`) VALUES ('3', 'Vinyle', '3', '1');
INSERT INTO `nozama`.`type_support_single` (`id_type_support`, `name_support`, `price`, `id_single`) VALUES ('4', 'Vinyle', '3', '2');
-- adele
INSERT INTO `nozama`.`type_support_single` (`id_type_support`, `name_support`, `price`, `id_single`) VALUES ('5', 'Telechargement', '1.29', '3');
INSERT INTO `nozama`.`type_support_single` (`id_type_support`, `name_support`, `price`, `id_single`) VALUES ('6', 'Telechargement', '1.29', '4');
INSERT INTO `nozama`.`type_support_single` (`id_type_support`, `name_support`, `price`, `id_single`) VALUES ('7', 'Telechargement', '1.29', '5');
INSERT INTO `nozama`.`type_support_single` (`id_type_support`, `name_support`, `price`, `id_single`) VALUES ('8', 'Telechargement', '1.29', '6');
INSERT INTO `nozama`.`type_support_single` (`id_type_support`, `name_support`, `price`, `id_single`) VALUES ('9', 'Telechargement', '1.29', '7');
INSERT INTO `nozama`.`type_support_single` (`id_type_support`, `name_support`, `price`, `id_single`) VALUES ('10', 'Telechargement', '1.29', '8');
INSERT INTO `nozama`.`type_support_single` (`id_type_support`, `name_support`, `price`, `id_single`) VALUES ('11', 'Telechargement', '1.29', '9');
INSERT INTO `nozama`.`type_support_single` (`id_type_support`, `name_support`, `price`, `id_single`) VALUES ('12', 'Telechargement', '1.29', '10');
INSERT INTO `nozama`.`type_support_single` (`id_type_support`, `name_support`, `price`, `id_single`) VALUES ('13', 'Telechargement', '1.29', '11');
INSERT INTO `nozama`.`type_support_single` (`id_type_support`, `name_support`, `price`, `id_single`) VALUES ('14', 'Telechargement', '1.29', '12');
INSERT INTO `nozama`.`type_support_single` (`id_type_support`, `name_support`, `price`, `id_single`) VALUES ('15', 'Telechargement', '1.29', '13');

-- [ADELE] Type support album
INSERT INTO `nozama`.`type_support_album` (`id_type_support`, `name_support`, `price`, `id_album`) VALUES ('5', 'Telechargement', '12.80', '3');
INSERT INTO `nozama`.`type_support_album` (`id_type_support`, `name_support`, `price`, `id_album`) VALUES ('6', 'CD', '17.80', '3');

-- [ADELE] Album has single
INSERT INTO `nozama`.`album_has_single` (`id_album_has_single`, `id_single`, `id_album`) VALUES ('1', '3', '3');
INSERT INTO `nozama`.`album_has_single` (`id_album_has_single`, `id_single`, `id_album`) VALUES ('2', '4', '3');
INSERT INTO `nozama`.`album_has_single` (`id_album_has_single`, `id_single`, `id_album`) VALUES ('3', '5', '3');
INSERT INTO `nozama`.`album_has_single` (`id_album_has_single`, `id_single`, `id_album`) VALUES ('4', '6', '3');
INSERT INTO `nozama`.`album_has_single` (`id_album_has_single`, `id_single`, `id_album`) VALUES ('5', '7', '3');
INSERT INTO `nozama`.`album_has_single` (`id_album_has_single`, `id_single`, `id_album`) VALUES ('6', '8', '3');
INSERT INTO `nozama`.`album_has_single` (`id_album_has_single`, `id_single`, `id_album`) VALUES ('7', '9', '3');
INSERT INTO `nozama`.`album_has_single` (`id_album_has_single`, `id_single`, `id_album`) VALUES ('8', '10', '3');
INSERT INTO `nozama`.`album_has_single` (`id_album_has_single`, `id_single`, `id_album`) VALUES ('9', '11', '3');
INSERT INTO `nozama`.`album_has_single` (`id_album_has_single`, `id_single`, `id_album`) VALUES ('10', '12', '3');
INSERT INTO `nozama`.`album_has_single` (`id_album_has_single`, `id_single`, `id_album`) VALUES ('11', '13', '3');